epoch,time,train/box_loss,train/cls_loss,train/dfl_loss,metrics/precision(B),metrics/recall(B),metrics/mAP50(B),metrics/mAP50-95(B),val/box_loss,val/cls_loss,val/dfl_loss,lr/pg0,lr/pg1,lr/pg2
1,703.861,2.00443,2.88197,1.61823,0.46038,0.37146,0.31797,0.12569,2.11459,2.53483,1.7588,0.00064,0.00064,0.00064
2,1463.48,1.91334,1.94539,1.68788,0.25443,0.38095,0.23382,0.0911,2.18965,13.1859,1.89915,0.00127426,0.00127426,0.00127426
3,2265.6,1.95064,1.82949,1.65462,0.08561,0.37415,0.07702,0.02274,2.60374,36.8592,3.02954,0.00188238,0.00188238,0.00188238
4,5885.39,2.05489,1.7664,1.68639,0.32906,0.38702,0.28807,0.10829,2.21022,9.37136,2.17634,0.0018812,0.0018812,0.0018812
5,15172.2,1.99444,1.82167,1.67271,0.46395,0.55102,0.39171,0.14275,1.95061,4.14658,1.81144,0.0018416,0.0018416,0.0018416
6,19449.7,1.92154,1.52531,1.65819,0.40278,0.46338,0.33021,0.11411,2.39108,3.37991,2.23737,0.001802,0.001802,0.001802
7,20238.1,1.88491,1.55414,1.65101,0.38114,0.48299,0.37034,0.14753,2.09464,1.98828,1.87713,0.0017624,0.0017624,0.0017624
8,26251,1.82147,1.40627,1.58137,0.14456,0.15646,0.05541,0.02062,2.84677,3.08754,2.09647,0.0017228,0.0017228,0.0017228
9,27349.6,1.79545,1.3869,1.54655,0.32987,0.42177,0.2929,0.10714,2.24799,2.48753,1.97596,0.0016832,0.0016832,0.0016832
