epoch,time,train/box_loss,train/cls_loss,train/dfl_loss,metrics/precision(B),metrics/recall(B),metrics/mAP50(B),metrics/mAP50-95(B),val/box_loss,val/cls_loss,val/dfl_loss,lr/pg0,lr/pg1,lr/pg2
1,440.136,1.66186,3.64242,1.58371,0.58152,0.66071,0.62685,0.3061,1.4815,4.12003,1.4812,0.00032,0.00032,0.00032
2,848.141,1.48694,1.80042,1.49834,0.60184,0.53571,0.49529,0.23064,1.84594,3.28592,1.88332,0.00061644,0.00061644,0.00061644
3,1228.82,1.53277,1.40115,1.4793,0.44713,0.46429,0.32403,0.11303,2.30107,2.53033,2.04295,0.000868,0.000868,0.000868
4,1670.53,1.53121,1.32283,1.47108,0.33581,0.32143,0.25991,0.0998,2.14711,3.12316,2.22265,0.00107468,0.00107468,0.00107468
5,2072.07,1.59663,1.45947,1.64515,0.19077,0.39286,0.13843,0.06898,1.95784,3.09854,1.94286,0.00123648,0.00123648,0.00123648
6,2437.98,1.59104,1.46874,1.70058,0.04323,0.44643,0.03157,0.01187,2.2744,25.2661,2.46587,0.00134,0.00134,0.00134
